City,Price,Beds,Address,Link,Latitude,Longitude,Beds_Num,City_Clean,City_Name,Amenity_Count,City_Name_Clean
Toronto,3025,Studio–2 beds,"The Diamond Davenport, Toronto, ON, Canada",https://www.zumper.com/apartment-buildings/p1270167/the-diamond-davenport-toronto-on,43.740358081687,-79.341984586873,1.0,Toronto,Toronto,527026,Toronto
Toronto,2547,Studio–2 beds,"30 50 Hillsboro Avenue Yorkville, Toronto, ON, Canada",https://www.zumper.com/apartment-buildings/p638219/30-50-hillsboro-avenue-yorkville-toronto-on,43.675838985329,-79.393628528059,1.0,Toronto,Toronto,527026,Toronto
Toronto,4145,1–3 beds,"Elm Ledbury Garden District, Toronto, ON, Canada",https://www.zumper.com/apartment-buildings/p1480894/elm-ledbury-garden-district-toronto-on,43.724966,-79.423837,2.0,Toronto,Toronto,527026,Toronto
Toronto,4718,Studio–3 beds,"West House Niagara, Toronto, ON, Canada",https://www.zumper.com/apartment-buildings/p1293824/west-house-niagara-toronto-on,43.64455,-79.40712,1.5,Toronto,Toronto,527026,Toronto
Toronto,3117,1–3 beds,"Maple House At Canary Landing West Don Lands, Toronto, ON, Canada",https://www.zumper.com/apartment-buildings/p955742/maple-house-at-canary-landing-west-don-lands-toronto-on,43.653524,-79.383907,2.0,Toronto,Toronto,527026,Toronto
Toronto,3456,1–3 beds,"Cherry House At Canary Landing West Don Lands, Toronto, ON, Canada",https://www.zumper.com/apartment-buildings/p1519512/cherry-house-at-canary-landing-west-don-lands-toronto-on,43.653524,-79.383907,2.0,Toronto,Toronto,527026,Toronto
Toronto,2200,Studio–1 bed,"18 Brownlow Davisville Village, Toronto, ON, Canada",https://www.zumper.com/apartment-buildings/p438719/18-brownlow-davisville-village-toronto-on,43.706425220569,-79.391271704524,0.5,Toronto,Toronto,527026,Toronto
Toronto,3525,2–3 beds,"The Towns At York Mills Leslie York Mills, Toronto, ON, Canada",https://www.zumper.com/apartment-buildings/p1477561/the-towns-at-york-mills-leslie-york-mills-toronto-on,43.753592,-79.408386,2.5,Toronto,Toronto,527026,Toronto
Toronto,4537,Studio–3 beds,"Sloane Lansing Westgate, Toronto, ON, Canada",https://www.zumper.com/apartment-buildings/p1377390/sloane-lansing-westgate-toronto-on,43.754186669,-79.424668542,1.5,Toronto,Toronto,527026,Toronto
Toronto,2059,Studio–1 bed,"Gerrard Residences Garden District, Toronto, ON, Canada",https://www.zumper.com/apartment-buildings/p502445/gerrard-residences-garden-district-toronto-on,43.651812,-79.36233,0.5,Toronto,Toronto,527026,Toronto
Toronto,3770,Studio–3 beds,"Svnty Liberty Village, Toronto, ON, Canada",https://www.zumper.com/apartment-buildings/p1419433/svnty-liberty-village-toronto-on,43.637707191192,-79.423506952235,1.5,Toronto,Toronto,527026,Toronto
Toronto,3603,1–3 beds,"Birch House At Canary Landing West Don Lands, Toronto, ON, Canada",https://www.zumper.com/apartment-buildings/p1152043/birch-house-at-canary-landing-west-don-lands-toronto-on,43.653524,-79.383907,2.0,Toronto,Toronto,527026,Toronto
Toronto,2637,Studio–2 beds,"20 Samuel Wood Way Stonegate Queensway, Toronto, ON, Canada",https://www.zumper.com/apartment-buildings/p906075/20-samuel-wood-way-stonegate-queensway-toronto-on,43.642938297076,-79.494400964814,1.0,Toronto,Toronto,527026,Toronto
Toronto,2577,1–2 beds,"610 Martin Grove Willowridge Martin Grove, Toronto, ON, Canada",https://www.zumper.com/apartment-buildings/p1488834/610-martin-grove-willowridge-martin-grove-toronto-on,43.675396714208,-79.564518015629,1.5,Toronto,Toronto,527026,Toronto
Toronto,2797,1–2 beds,"Lnx High Park, Toronto, ON, Canada",https://www.zumper.com/apartment-buildings/p847933/lnx-high-park-toronto-on,43.657212,-79.466836,1.5,Toronto,Toronto,527026,Toronto
Toronto,3199,2–3 beds,"Everworth 3030 Pharmacy Avenue L'Amoreaux, Toronto, ON, Canada",https://www.zumper.com/apartment-buildings/p1255436/everworth-3030-pharmacy-avenue-l'amoreaux-toronto-on,43.794814820306,-79.326801290422,2.5,Toronto,Toronto,527026,Toronto
Toronto,4835,Studio–2 beds,"44 Charles West Bay Street Corridor, Toronto, ON, Canada",https://www.zumper.com/apartment-buildings/p784660/44-charles-west-bay-street-corridor-toronto-on,43.65751,-79.38572,1.0,Toronto,Toronto,527026,Toronto
Toronto,2147,2 beds,"7 11 Rochefort Drive Flemingdon Park, Toronto, ON, Canada",https://www.zumper.com/apartment-buildings/p1280809/7-11-rochefort-drive-flemingdon-park-toronto-on,43.718015381004,-79.336006128851,2.0,Toronto,Toronto,527026,Toronto
Toronto,3303,1–3 beds,"370 Queens Quay West Harbourfront, Toronto, ON, Canada",https://www.zumper.com/apartment-buildings/p1337275/370-queens-quay-west-harbourfront-toronto-on,43.638204701076,-79.390355897783,2.0,Toronto,Toronto,527026,Toronto
Toronto,2337,Studio–2 beds,"Jameson Avenue Parkdale, Toronto, ON, Canada",https://www.zumper.com/apartment-buildings/p216301/jameson-avenue-parkdale-toronto-on,43.636454254016,-79.435760302286,1.0,Toronto,Toronto,527026,Toronto
Toronto,2998,1–3 beds,"Bela Square Crescent Town, Toronto, ON, Canada",https://www.zumper.com/apartment-buildings/p1258466/bela-square-crescent-town-toronto-on,43.698259,-79.30695,2.0,Toronto,Toronto,527026,Toronto
Toronto,3114,Studio–3 beds,"73 Broadway Avenue North Toronto, Toronto, ON, Canada",https://www.zumper.com/apartment-buildings/p1279434/73-broadway-avenue-north-toronto-toronto-on,43.710164303756,-79.394532600136,1.5,Toronto,Toronto,527026,Toronto
Toronto,2831,1–3 beds,"Parkside Square Henry Farm, Toronto, ON, Canada",https://www.zumper.com/apartment-buildings/p399412/parkside-square-henry-farm-toronto-on,43.771782,-79.352086,2.0,Toronto,Toronto,527026,Toronto
Toronto,2365,Studio–3 beds,"90 Eastdale Crescent Town, Toronto, ON, Canada",https://www.zumper.com/apartment-buildings/p213295/90-eastdale-crescent-town-toronto-on,43.694611011862,-79.301250315877,1.5,Toronto,Toronto,527026,Toronto
Toronto,1897,1 bed,"10 Walmer Road The Annex, Toronto, ON, Canada",https://www.zumper.com/apartment-buildings/p500293/10-walmer-road-the-annex-toronto-on,43.667003579283,-79.406176907665,1.0,Toronto,Toronto,527026,Toronto
Toronto,2947,Studio–3 beds,"Toronto House Entertainment District, Toronto, ON, Canada",https://www.zumper.com/apartment-buildings/p1113252/toronto-house-entertainment-district-toronto-on,43.648765,-79.388877,1.5,Toronto,Toronto,527026,Toronto
Toronto,3560,Studio–3 beds,"Bridge Leslieville, Toronto, ON, Canada",https://www.zumper.com/apartment-buildings/p1405166/bridge-leslieville-toronto-on,43.680089,-79.3316829,1.5,Toronto,Toronto,527026,Toronto
Toronto,2380,1–3 beds,"2 Secord Crescent Town, Toronto, ON, Canada",https://www.zumper.com/apartment-buildings/p213293/2-secord-crescent-town-toronto-on,43.693129887661,-79.301599170687,2.0,Toronto,Toronto,527026,Toronto
Toronto,1982,1–3 beds,"35 David Salomon Drive Morningside, Toronto, ON, Canada",https://www.zumper.com/apartment-buildings/p1525562/35-david-salomon-drive-morningside-toronto-on,43.794614409001,-79.203065707909,2.0,Toronto,Toronto,527026,Toronto
Toronto,1600,1–2 beds,"917 St Clair Avenue West Bracondale Hill, Toronto, ON, Canada",https://www.zumper.com/apartment-buildings/p992526/917-st-clair-avenue-west-bracondale-hill-toronto-on,43.679652499817,-79.434133739878,1.5,Toronto,Toronto,527026,Toronto
Toronto,1747,1 bed,"18 24 25 27 Seeley Drive Downsview, Toronto, ON, Canada",https://www.zumper.com/apartment-buildings/p1223704/18-24-25-27-seeley-drive-downsview-toronto-on,43.741121312483,-79.491822439941,1.0,Toronto,Toronto,527026,Toronto
Toronto,2207,2 beds,"55 Brownlow Avenue Davisville Village, Toronto, ON, Canada",https://www.zumper.com/apartment-buildings/p1218237/55-brownlow-avenue-davisville-village-toronto-on,43.706678815049,-79.390619592457,2.0,Toronto,Toronto,527026,Toronto
Toronto,2367,Studio–2 beds,"Serrano At Village Gate West Islington City Centre West, Toronto, ON, Canada",https://www.zumper.com/apartment-buildings/p591951/serrano-at-village-gate-west-islington-city-centre-west-toronto-on,43.63347,-79.54332,1.0,Toronto,Toronto,527026,Toronto
Toronto,2382,Studio–2 beds,"Sierra At Village Gate West Islington City Centre West, Toronto, ON, Canada",https://www.zumper.com/apartment-buildings/p454651/sierra-at-village-gate-west-islington-city-centre-west-toronto-on,43.63347,-79.54332,1.0,Toronto,Toronto,527026,Toronto
Toronto,2674,1–3 beds,"10 Garfella Drive Smithfield, Toronto, ON, Canada",https://www.zumper.com/apartment-buildings/p511304/10-garfella-drive-smithfield-toronto-on,43.745389712856,-79.593121763129,2.0,Toronto,Toronto,527026,Toronto
Toronto,1900,1 bed,"320 342 Avenue Road South Hill, Toronto, ON, Canada",https://www.zumper.com/apartment-buildings/p219343/320-342-avenue-road-south-hill-toronto-on,43.680988281817,-79.399532070104,1.0,Toronto,Toronto,527026,Toronto
Toronto,2515,Studio–2 beds,"The Corner On Broadway North Toronto, Toronto, ON, Canada",https://www.zumper.com/apartment-buildings/p1283434/the-corner-on-broadway-north-toronto-toronto-on,43.7131875302,-79.380989476699,1.0,Toronto,Toronto,527026,Toronto
Toronto,2215,1 bed,"53 Thorncliffe Park Drive Thorncliffe Park, Toronto, ON, Canada",https://www.zumper.com/apartment-buildings/p213215/53-thorncliffe-park-drive-thorncliffe-park-toronto-on,43.702990610014,-79.34146258018,1.0,Toronto,Toronto,527026,Toronto
Toronto,2449,1–2 beds,"9 Kingsbridge Court Branson, Toronto, ON, Canada",https://www.zumper.com/apartment-buildings/p219384/9-kingsbridge-court-branson-toronto-on,43.771576706214,-79.444103929887,1.5,Toronto,Toronto,527026,Toronto
Toronto,2553,Studio–2 beds,"35 Walmer Road The Annex, Toronto, ON, Canada",https://www.zumper.com/apartment-buildings/p217071/35-walmer-road-the-annex-toronto-on,43.669142096149,-79.40562328296,1.0,Toronto,Toronto,527026,Toronto
Toronto,2699,2–3 beds,"3101 Eglinton Avenue East Scarborough Village, Toronto, ON, Canada",https://www.zumper.com/apartment-buildings/p441172/3101-eglinton-avenue-east-scarborough-village-toronto-on,43.741360615818,-79.224530839931,2.5,Toronto,Toronto,527026,Toronto
Toronto,2809,2–3 beds,"Towns On Danforth Oakridge, Toronto, ON, Canada",https://www.zumper.com/apartment-buildings/p1246718/towns-on-danforth-oakridge-toronto-on,43.694882755025,-79.270963042728,2.5,Toronto,Toronto,527026,Toronto
Toronto,2197,1–2 beds,"48 Grenoble Drive Flemingdon Park, Toronto, ON, Canada",https://www.zumper.com/apartment-buildings/p593208/48-grenoble-drive-flemingdon-park-toronto-on,43.716776619533,-79.331312179254,1.5,Toronto,Toronto,527026,Toronto
Toronto,2307,1–2 beds,"1154 Wilson Avenue Downsview, Toronto, ON, Canada",https://www.zumper.com/apartment-buildings/p1280810/1154-wilson-avenue-downsview-toronto-on,43.726466602518,-79.486421895906,1.5,Toronto,Toronto,527026,Toronto
Toronto,2297,2 beds,"5 Capri Road Eatonville, Toronto, ON, Canada",https://www.zumper.com/apartment-buildings/p1223703/5-capri-road-eatonville-toronto-on,43.651718089195,-79.564539640939,2.0,Toronto,Toronto,527026,Toronto
Toronto,2847,1–2 beds,"The Summerhill Summerhill, Toronto, ON, Canada",https://www.zumper.com/apartment-buildings/p219118/the-summerhill-summerhill-toronto-on,43.61139,-79.488227,1.5,Toronto,Toronto,527026,Toronto
Toronto,2672,1–3 beds,"765 Steeles Newtonbrook, Toronto, ON, Canada",https://www.zumper.com/apartment-buildings/p213588/765-steeles-newtonbrook-toronto-on,43.792387882151,-79.442799286657,2.0,Toronto,Toronto,527026,Toronto
Toronto,2718,1–3 beds,"Fisherville Westminster, Toronto, ON, Canada",https://www.zumper.com/apartment-buildings/p213505/fisherville-westminster-toronto-on,43.788680260378,-79.454125457996,2.0,Toronto,Toronto,527026,Toronto
Toronto,1895,1 bed,"135 Fenelon Drive Toronto Sunnybrook York Mills, Toronto, ON, Canada",https://www.zumper.com/apartment-buildings/p485604/135-fenelon-drive-toronto-sunnybrook-york-mills-toronto-on,43.762838781701,-79.337948718731,1.0,Toronto,Toronto,527026,Toronto
Ottawa,2169,2–3 beds,"Forest Ridge Centrepointe, Ottawa, ON, Canada",https://www.zumper.com/apartment-buildings/p217502/forest-ridge-centrepointe-ottawa-on,45.34087,-75.772502,2.5,Ottawa,Ottawa,383870,Ottawa
Ottawa,2312,Studio–3 beds,"The Vanguard Avalon, Ottawa, ON, Canada",https://www.zumper.com/apartment-buildings/p1484117/the-vanguard-avalon-ottawa-on,45.456322769036,-75.490760007311,1.5,Ottawa,Ottawa,383870,Ottawa
Ottawa,2447,Studio–2 beds,"Maison Riverain Vanier, Ottawa, ON, Canada",https://www.zumper.com/apartment-buildings/p1238812/maison-riverain-vanier-ottawa-on,45.44322,-75.659937,1.0,Ottawa,Ottawa,383870,Ottawa
Ottawa,2375,1–2 beds,"Kanata Lakes By Brigil Heritage Hills, Ottawa, ON, Canada",https://www.zumper.com/apartment-buildings/p503845/kanata-lakes-by-brigil-heritage-hills-ottawa-on,45.316358,-75.932661,1.5,Ottawa,Ottawa,383870,Ottawa
Ottawa,2617,1–2 beds,"Fifth Bank The Glebe, Ottawa, ON, Canada",https://www.zumper.com/apartment-buildings/p566054/fifth-bank-the-glebe-ottawa-on,45.404382,-75.68917,1.5,Ottawa,Ottawa,383870,Ottawa
Ottawa,2077,Studio–1 bed,"Mrkt Lofts Byward Market, Ottawa, ON, Canada",https://www.zumper.com/apartment-buildings/p1168168/mrkt-lofts-byward-market-ottawa-on,45.430930271,-75.694855769,0.5,Ottawa,Ottawa,383870,Ottawa
Ottawa,2417,1–2 beds,"2070 Scott Street Westboro, Ottawa, ON, Canada",https://www.zumper.com/apartment-buildings/p1437467/2070-scott-street-westboro-ottawa-on,45.394764316918,-75.754833470916,1.5,Ottawa,Ottawa,383870,Ottawa
Ottawa,3286,Studio–2 beds,"88 Beechwood Vanier, Ottawa, ON, Canada",https://www.zumper.com/apartment-buildings/p1058475/88-beechwood-vanier-ottawa-on,45.440445018672,-75.674478931201,1.0,Ottawa,Ottawa,383870,Ottawa
Ottawa,2200,1 bed,"The Lennox Civic Hospital, Ottawa, ON, Canada",https://www.zumper.com/apartment-buildings/p899031/the-lennox-civic-hospital-ottawa-on,45.39797,-75.7173,1.0,Ottawa,Ottawa,383870,Ottawa
Ottawa,2510,1–2 beds,"Baseline By Brigil Leslie Park, Ottawa, ON, Canada",https://www.zumper.com/apartment-buildings/p561988/baseline-by-brigil-leslie-park-ottawa-on,45.343824031633,-75.781300020598,1.5,Ottawa,Ottawa,383870,Ottawa
Ottawa,3010,1–3 beds,"Petrie'S Landing Waterfront Towers Chatelaine Village, Ottawa, ON, Canada",https://www.zumper.com/apartment-buildings/p695838/petrie's-landing-waterfront-towers-chatelaine-village-ottawa-on,45.487217983,-75.511057783,2.0,Ottawa,Ottawa,383870,Ottawa
Ottawa,2805,1–3 beds,"460 St Laurent By Brigil Vanier, Ottawa, ON, Canada",https://www.zumper.com/apartment-buildings/p285411/460-st-laurent-by-brigil-vanier-ottawa-on,45.445371901358,-75.649768913002,2.0,Ottawa,Ottawa,383870,Ottawa
Ottawa,1899,Studio–1 bed,"The Met 170 Metcalfe Street Centretown, Ottawa, ON, Canada",https://www.zumper.com/apartment-buildings/p362816/the-met-170-metcalfe-street-centretown-ottawa-on,45.419048618255,-75.694428866587,0.5,Ottawa,Ottawa,383870,Ottawa
Ottawa,2225,Studio–2 beds,"The Beckett Centretown West, Ottawa, ON, Canada",https://www.zumper.com/apartment-buildings/p515680/the-beckett-centretown-west-ottawa-on,45.40285,-75.71095,1.0,Ottawa,Ottawa,383870,Ottawa
Ottawa,2349,Studio–3 beds,"330 Metcalfe Centretown, Ottawa, ON, Canada",https://www.zumper.com/apartment-buildings/p1166076/330-metcalfe-centretown-ottawa-on,45.41447478133,-75.690563132842,1.5,Ottawa,Ottawa,383870,Ottawa
Ottawa,1893,1–2 beds,"Avalon Park Sheffield Glen, Ottawa, ON, Canada",https://www.zumper.com/apartment-buildings/p212142/avalon-park-sheffield-glen-ottawa-on,45.399796,-75.617541,1.5,Ottawa,Ottawa,383870,Ottawa
Ottawa,2790,Studio–2 beds,"The Met Centretown, Ottawa, ON, Canada",https://www.zumper.com/apartment-buildings/p831247/the-met-centretown-ottawa-on,45.415339,-75.696404,1.0,Ottawa,Ottawa,383870,Ottawa
Ottawa,2397,Studio–3 beds,"Carleton West Westboro, Ottawa, ON, Canada",https://www.zumper.com/apartment-buildings/p1306355/carleton-west-westboro-ottawa-on,45.400880353753,-75.742677705582,1.5,Ottawa,Ottawa,383870,Ottawa
Ottawa,3382,1–2 beds,"The Dale By Brigil Mechanicsville, Ottawa, ON, Canada",https://www.zumper.com/apartment-buildings/p503844/the-dale-by-brigil-mechanicsville-ottawa-on,45.406662,-75.736316,1.5,Ottawa,Ottawa,383870,Ottawa
Ottawa,2632,2–3 beds,"Townhome Bayshore, Ottawa, ON, Canada",https://www.zumper.com/apartment-buildings/p929773/townhome-bayshore-ottawa-on,45.348267,-75.807833,2.5,Ottawa,Ottawa,383870,Ottawa
Ottawa,2350,1–3 beds,"Lord Halifax Place Alta Vista, Ottawa, ON, Canada",https://www.zumper.com/apartment-buildings/p235339/lord-halifax-place-alta-vista-ottawa-on,45.387003,-75.657225,2.0,Ottawa,Ottawa,383870,Ottawa
Ottawa,2043,1–2 beds,"Deschenes Court Bayshore, Ottawa, ON, Canada",https://www.zumper.com/apartment-buildings/p1201087/deschenes-court-bayshore-ottawa-on,45.378439294586,-75.776946148718,1.5,Ottawa,Ottawa,383870,Ottawa
Ottawa,2729,1–2 beds,"1140 Wellington Hintonburg, Ottawa, ON, Canada",https://www.zumper.com/apartment-buildings/p539503/1140-wellington-hintonburg-ottawa-on,45.401457392332,-75.726823497436,1.5,Ottawa,Ottawa,383870,Ottawa
Ottawa,1849,1–2 beds,"285 Loretta The Dowsview Civic Hospital, Ottawa, ON, Canada",https://www.zumper.com/apartment-buildings/p223402/285-loretta-the-dowsview-civic-hospital-ottawa-on,45.39797,-75.7173,1.5,Ottawa,Ottawa,383870,Ottawa
Ottawa,2075,Studio–2 beds,"169 Lisgar St Centretown, Ottawa, ON, Canada",https://www.zumper.com/apartment-buildings/p353789/169-lisgar-st-centretown-ottawa-on,45.418813002956,-75.692128034165,1.0,Ottawa,Ottawa,383870,Ottawa
Ottawa,1699,1 bed,"109 Doane Street Britannia, Ottawa, ON, Canada",https://www.zumper.com/apartment-buildings/p353793/109-doane-street-britannia-ottawa-on,45.357997098639,-75.801787132305,1.0,Ottawa,Ottawa,383870,Ottawa
Ottawa,1994,1–2 beds,"475 485 King Edward Sandy Hill, Ottawa, ON, Canada",https://www.zumper.com/apartment-buildings/p212120/475-485-king-edward-sandy-hill-ottawa-on,45.427179986344,-75.684129519241,1.5,Ottawa,Ottawa,383870,Ottawa
Ottawa,2905,3 beds,"Bridlewood Townhomes Bridlewood, Ottawa, ON, Canada",https://www.zumper.com/apartment-buildings/p263590/bridlewood-townhomes-bridlewood-ottawa-on,45.283333,-75.85,3.0,Ottawa,Ottawa,383870,Ottawa
Ottawa,2812,1–2 beds,"The Carlisle Downtown Ottawa, Ottawa, ON, Canada",https://www.zumper.com/apartment-buildings/p213543/the-carlisle-downtown-ottawa-ottawa-on,45.209705655405,-76.01649246427,1.5,Ottawa,Ottawa,383870,Ottawa
Ottawa,2275,1–2 beds,"435 Albert St Domaine 435 Downtown Ottawa, Ottawa, ON, Canada",https://www.zumper.com/apartment-buildings/p542718/435-albert-st-domaine-435-downtown-ottawa-ottawa-on,45.417264111069,-75.706928631154,1.5,Ottawa,Ottawa,383870,Ottawa
Ottawa,1639,1 bed,"Artista Flats Centretown, Ottawa, ON, Canada",https://www.zumper.com/apartment-buildings/p212118/artista-flats-centretown-ottawa-on,45.415339,-75.696404,1.0,Ottawa,Ottawa,383870,Ottawa
Ottawa,2375,1–3 beds,"Eagle Pointe Trailwest, Ottawa, ON, Canada",https://www.zumper.com/apartment-buildings/p531617/eagle-pointe-trailwest-ottawa-on,45.419904759448,-75.556080233482,2.0,Ottawa,Ottawa,383870,Ottawa
Ottawa,2992,1–3 beds,"Muze On Rideau Lower Town, Ottawa, ON, Canada",https://www.zumper.com/apartment-buildings/p1081950/muze-on-rideau-lower-town-ottawa-on,45.430355571064,-75.681878541224,2.0,Ottawa,Ottawa,383870,Ottawa
Ottawa,2072,Studio–2 beds,"Tamarack Flora Centretown, Ottawa, ON, Canada",https://www.zumper.com/apartment-buildings/p754187/tamarack-flora-centretown-ottawa-on,45.408310087228,-75.698861757942,1.0,Ottawa,Ottawa,383870,Ottawa
Ottawa,1935,Studio–1 bed,"Kenson Towers Centretown, Ottawa, ON, Canada",https://www.zumper.com/apartment-buildings/p539504/kenson-towers-centretown-ottawa-on,45.415339,-75.696404,0.5,Ottawa,Ottawa,383870,Ottawa
Ottawa,1950,Studio–2 beds,"Wentworth Plaza Centretown, Ottawa, ON, Canada",https://www.zumper.com/apartment-buildings/p539501/wentworth-plaza-centretown-ottawa-on,45.415339,-75.696404,1.0,Ottawa,Ottawa,383870,Ottawa
Ottawa,2449,2–3 beds,"Britannia Beachfront Britannia, Ottawa, ON, Canada",https://www.zumper.com/apartment-buildings/p217504/britannia-beachfront-britannia-ottawa-on,45.366203006097,-75.797179975288,2.5,Ottawa,Ottawa,383870,Ottawa
Ottawa,1774,1 bed,"218 Maclaren Centretown, Ottawa, ON, Canada",https://www.zumper.com/apartment-buildings/p212128/218-maclaren-centretown-ottawa-on,45.416660991226,-75.69040840291,1.0,Ottawa,Ottawa,383870,Ottawa
Ottawa,2054,Studio–2 beds,"The Cobalt Bayshore, Ottawa, ON, Canada",https://www.zumper.com/apartment-buildings/p473229/the-cobalt-bayshore-ottawa-on,45.348267,-75.807833,1.0,Ottawa,Ottawa,383870,Ottawa
Ottawa,2130,Studio–2 beds,"93 Norman Centretown West, Ottawa, ON, Canada",https://www.zumper.com/apartment-buildings/p1178318/93-norman-centretown-west-ottawa-on,45.399979914259,-75.709786273404,1.0,Ottawa,Ottawa,383870,Ottawa
Mississauga,2570,1–2 beds,"Elora Meadowvale, Mississauga, ON, Canada",https://www.zumper.com/apartment-buildings/p1407477/elora-meadowvale-mississauga-on,43.584089483,-79.75867787,1.5,Mississauga,Mississauga,235674,Mississauga
Mississauga,2737,1–3 beds,"Brightstone Townhomes Meadowvale, Mississauga, ON, Canada",https://www.zumper.com/apartment-buildings/p1138021/brightstone-townhomes-meadowvale-mississauga-on,43.584089483,-79.75867787,2.0,Mississauga,Mississauga,235674,Mississauga
Mississauga,2479,Studio–3 beds,"2285 The Collegeway Erin Mills, Mississauga, ON, Canada",https://www.zumper.com/apartment-buildings/p410524/2285-the-collegeway-erin-mills-mississauga-on,43.540394093627,-79.682677704693,1.5,Mississauga,Mississauga,235674,Mississauga
Mississauga,2350,1–2 beds,"Battleford Glen Erin Meadowvale, Mississauga, ON, Canada",https://www.zumper.com/apartment-buildings/p322177/battleford-glen-erin-meadowvale-mississauga-on,43.585066007694,-79.747145082014,1.5,Mississauga,Mississauga,235674,Mississauga
Mississauga,3152,Studio–3 beds,"Dialogue Fairview, Mississauga, ON, Canada",https://www.zumper.com/apartment-buildings/p1318581/dialogue-fairview-mississauga-on,43.585842,-79.632963,1.5,Mississauga,Mississauga,235674,Mississauga
Mississauga,2399,Studio–3 beds,"Elder Gardens Malton, Mississauga, ON, Canada",https://www.zumper.com/apartment-buildings/p219648/elder-gardens-malton-mississauga-on,43.721044,-79.641902,1.5,Mississauga,Mississauga,235674,Mississauga
Mississauga,2095,1–2 beds,"5 Ann Street Port Credit, Mississauga, ON, Canada",https://www.zumper.com/apartment-buildings/p1209894/5-ann-street-port-credit-mississauga-on,43.555140082517,-79.582557882919,1.5,Mississauga,Mississauga,235674,Mississauga
Mississauga,2137,1–2 beds,"600 620 Lolita Gardens Fairview, Mississauga, ON, Canada",https://www.zumper.com/apartment-buildings/p218294/600-620-lolita-gardens-fairview-mississauga-on,43.59402700029,-79.603932993302,1.5,Mississauga,Mississauga,235674,Mississauga
Mississauga,2630,2 beds,"Waterford Tower Meadowvale, Mississauga, ON, Canada",https://www.zumper.com/apartment-buildings/p318306/waterford-tower-meadowvale-mississauga-on,43.584089483,-79.75867787,2.0,Mississauga,Mississauga,235674,Mississauga
Mississauga,2300,1 bed,"Applewood On The Park Applewood, Mississauga, ON, Canada",https://www.zumper.com/apartment-buildings/p318308/applewood-on-the-park-applewood-mississauga-on,43.612112,-79.600159,1.0,Mississauga,Mississauga,235674,Mississauga
Mississauga,2595,1–2 beds,"Bristol Court Meadowvale, Mississauga, ON, Canada",https://www.zumper.com/apartment-buildings/p320058/bristol-court-meadowvale-mississauga-on,43.584089483,-79.75867787,1.5,Mississauga,Mississauga,235674,Mississauga
Mississauga,2049,2 beds,"2300 Confederation Parkway Cooksville, Mississauga, ON, Canada",https://www.zumper.com/apartment-buildings/p219534/2300-confederation-parkway-cooksville-mississauga-on,43.572199979598,-79.612469794048,2.0,Mississauga,Mississauga,235674,Mississauga
Mississauga,2149,1–2 beds,"3575 Kaneff Crescent Fairview, Mississauga, ON, Canada",https://www.zumper.com/apartment-buildings/p219536/3575-kaneff-crescent-fairview-mississauga-on,43.592702911046,-79.630423663012,1.5,Mississauga,Mississauga,235674,Mississauga
Mississauga,1874,1–2 beds,"2177 Sherobee Road Cooksville, Mississauga, ON, Canada",https://www.zumper.com/apartment-buildings/p219533/2177-sherobee-road-cooksville-mississauga-on,43.573363806854,-79.602581579053,1.5,Mississauga,Mississauga,235674,Mississauga
Mississauga,1874,1–2 beds,"2211 Sherobee Road Cooksville, Mississauga, ON, Canada",https://www.zumper.com/apartment-buildings/p219535/2211-sherobee-road-cooksville-mississauga-on,43.573518117691,-79.604139439577,1.5,Mississauga,Mississauga,235674,Mississauga
Mississauga,2549,1–3 beds,"204 Burnhamthorpe Road East Fairview, Mississauga, ON, Canada",https://www.zumper.com/apartment-buildings/p1227303/204-burnhamthorpe-road-east-fairview-mississauga-on,43.597855601301,-79.629898023396,2.0,Mississauga,Mississauga,235674,Mississauga
Mississauga,2520,2 beds,"Mississauga Place Fairview, Mississauga, ON, Canada",https://www.zumper.com/apartment-buildings/p318303/mississauga-place-fairview-mississauga-on,43.616450770149,-79.760510034697,2.0,Mississauga,Mississauga,235674,Mississauga
Mississauga,3900,3 beds,"Streetsville Streetsville, Mississauga, ON, Canada",https://www.zumper.com/apartment-buildings/p934098/streetsville-streetsville-mississauga-on,43.574962,-79.704606,3.0,Mississauga,Mississauga,235674,Mississauga
Mississauga,2344,1–2 beds,"1867 Bloor Street Applewood, Mississauga, ON, Canada",https://www.zumper.com/apartment-buildings/p214739/1867-bloor-street-applewood-mississauga-on,43.627403403459,-79.583682566687,1.5,Mississauga,Mississauga,235674,Mississauga
Mississauga,2379,1–2 beds,"30 Central Parkway West Fairview, Mississauga, ON, Canada",https://www.zumper.com/apartment-buildings/p214741/30-central-parkway-west-fairview-mississauga-on,43.587925812969,-79.629305517128,1.5,Mississauga,Mississauga,235674,Mississauga
Mississauga,2344,1–2 beds,"70 Park Street East Port Credit, Mississauga, ON, Canada",https://www.zumper.com/apartment-buildings/p821293/70-park-street-east-port-credit-mississauga-on,43.555719900669,-79.585536978946,1.5,Mississauga,Mississauga,235674,Mississauga
Mississauga,2652,1–3 beds,"Aquitaine Avenue Meadowvale, Mississauga, ON, Canada",https://www.zumper.com/apartment-buildings/p213530/aquitaine-avenue-meadowvale-mississauga-on,43.585614258381,-79.759712063933,2.0,Mississauga,Mississauga,235674,Mississauga
Mississauga,2307,1–2 beds,"1315 Bough Beeches Rathwood, Mississauga, ON, Canada",https://www.zumper.com/apartment-buildings/p805479/1315-bough-beeches-rathwood-mississauga-on,43.62733228301,-79.607214005481,1.5,Mississauga,Mississauga,235674,Mississauga
Mississauga,3101,1–3 beds,"One Eighty Five Fairview, Mississauga, ON, Canada",https://www.zumper.com/apartment-buildings/p1172861/one-eighty-five-fairview-mississauga-on,43.585842,-79.632963,2.0,Mississauga,Mississauga,235674,Mississauga
Mississauga,1899,1–2 beds,"2170 Sherobee Road Cooksville, Mississauga, ON, Canada",https://www.zumper.com/apartment-buildings/p219532/2170-sherobee-road-cooksville-mississauga-on,43.572207900496,-79.602872179636,1.5,Mississauga,Mississauga,235674,Mississauga
Mississauga,1956,Studio–2 beds,"1201 Walden Circle Clarkson, Mississauga, ON, Canada",https://www.zumper.com/apartment-buildings/p219420/1201-walden-circle-clarkson-mississauga-on,43.51342448197,-79.63206081634,1.0,Mississauga,Mississauga,235674,Mississauga
Mississauga,1997,1 bed,"3375 Ponytrail Drive Applewood, Mississauga, ON, Canada",https://www.zumper.com/apartment-buildings/p1220617/3375-ponytrail-drive-applewood-mississauga-on,43.625698901539,-79.588232599007,1.0,Mississauga,Mississauga,235674,Mississauga
Mississauga,2050,1 bed,"2797 Battleford Road Meadowvale, Mississauga, ON, Canada",https://www.zumper.com/apartment-buildings/p213202/2797-battleford-road-meadowvale-mississauga-on,43.582738504551,-79.754878077542,1.0,Mississauga,Mississauga,235674,Mississauga
Mississauga,2350,1 bed,"1604 2900 Battleford Rdtario L5N 2V9 Meadowvale, Mississauga, ON, Canada",https://www.zumper.com/apartment-buildings/p1168683/1604-2900-battleford-rd-mississauga-ontario-l5n-2v9-meadowvale-mississauga-on,43.579470107136,-79.757485939077,1.0,Mississauga,Mississauga,235674,Mississauga
Mississauga,2599,2 beds,"Absolute Iv 60 Absolute Rathwood, Mississauga, ON, Canada",https://www.zumper.com/apartment-buildings/p300212/absolute-iv-60-absolute-rathwood-mississauga-on,43.594436707718,-79.635165473276,2.0,Mississauga,Mississauga,235674,Mississauga
Mississauga,2795,3 beds,"1560 Bloor Street East Townhomes Applewood, Mississauga, ON, Canada",https://www.zumper.com/apartment-buildings/p288751/1560-bloor-street-east-townhomes-applewood-mississauga-on,43.620226901779,-79.590163118946,3.0,Mississauga,Mississauga,235674,Mississauga
Mississauga,4199,5 beds,"5364 Glen Erin Drtario L5M 5C2 Central Erin Mills, Mississauga, ON, Canada",https://www.zumper.com/apartment-buildings/p1499118/5364-glen-erin-dr-mississauga-ontario-l5m-5c2-central-erin-mills-mississauga-on,43.561090814677,-79.721844158937,5.0,Mississauga,Mississauga,235674,Mississauga
Mississauga,1924,Studio–2 beds,"Seville East West Cooksville, Mississauga, ON, Canada",https://www.zumper.com/apartment-buildings/p466150/seville-east-west-cooksville-mississauga-on,43.579133,-79.62423,1.0,Mississauga,Mississauga,235674,Mississauga
Mississauga,2125,Studio–2 beds,"Elizabeth Tower Port Credit, Mississauga, ON, Canada",https://www.zumper.com/apartment-buildings/p593995/elizabeth-tower-port-credit-mississauga-on,43.552583996658,-79.583254041206,1.0,Mississauga,Mississauga,235674,Mississauga
Mississauga,2895,3 beds,"1 208 Meadows Blvdtario L4Z 1J9 Rathwood, Mississauga, ON, Canada",https://www.zumper.com/apartment-buildings/p1527730/1-208-meadows-blvd-mississauga-ontario-l4z-1j9-rathwood-mississauga-on,43.599132417515,-79.631200833074,3.0,Mississauga,Mississauga,235674,Mississauga
Mississauga,1900,Studio–1 bed,"Royal Tower Cooksville, Mississauga, ON, Canada",https://www.zumper.com/apartment-buildings/p213453/royal-tower-cooksville-mississauga-on,43.579133,-79.62423,0.5,Mississauga,Mississauga,235674,Mississauga
Mississauga,2324,1–2 beds,"2150 Roche Sheridan, Mississauga, ON, Canada",https://www.zumper.com/apartment-buildings/p572273/2150-roche-sheridan-mississauga-on,43.527903088149,-79.650495135994,1.5,Mississauga,Mississauga,235674,Mississauga
Mississauga,2269,1 bed,"Bridgewood Suites Applewood, Mississauga, ON, Canada",https://www.zumper.com/apartment-buildings/p214796/bridgewood-suites-applewood-mississauga-on,43.626933252345,-79.585968414778,1.0,Mississauga,Mississauga,235674,Mississauga
Mississauga,3499,3 beds,"7 Joymar Drtario L5M 1E8 Streetsville, Mississauga, ON, Canada",https://www.zumper.com/apartment-buildings/p1490152/7-joymar-dr-mississauga-ontario-l5m-1e8-streetsville-mississauga-on,43.584415010914,-79.725513923785,3.0,Mississauga,Mississauga,235674,Mississauga
Mississauga,2599,2 beds,"Wide Suites Condo Fairview, Mississauga, ON, Canada",https://www.zumper.com/apartment-buildings/p330304/wide-suites-condo-fairview-mississauga-on,43.585842,-79.632963,2.0,Mississauga,Mississauga,235674,Mississauga
Mississauga,2025,1–2 beds,"2340 Park Towers Avenue Cooksville, Mississauga, ON, Canada",https://www.zumper.com/apartment-buildings/p479310/2340-park-towers-avenue-cooksville-mississauga-on,43.575952809107,-79.607928981822,1.5,Mississauga,Mississauga,235674,Mississauga
Hamilton,2199,Studio–3 beds,"100 Main Corktown, Hamilton, ON, Canada",https://www.zumper.com/apartment-buildings/p213025/100-main-corktown-hamilton-on,43.253958184856,-79.86506624141,1.5,Hamilton,Hamilton,256046,Hamilton
Hamilton,1949,Studio–3 beds,"Stoney Creek Towers Riverdale West, Hamilton, ON, Canada",https://www.zumper.com/apartment-buildings/p251904/stoney-creek-towers-riverdale-west-hamilton-on,43.230445,-79.757904,1.5,Hamilton,Hamilton,256046,Hamilton
Hamilton,2162,1–3 beds,"Harbour Tower North End East, Hamilton, ON, Canada",https://www.zumper.com/apartment-buildings/p219286/harbour-tower-north-end-east-hamilton-on,43.269973,-79.854935,2.0,Hamilton,Hamilton,256046,Hamilton
Hamilton,2199,1–3 beds,"Halstead Gardens Vincent, Hamilton, ON, Canada",https://www.zumper.com/apartment-buildings/p214550/halstead-gardens-vincent-hamilton-on,43.208469,-79.78401,2.0,Hamilton,Hamilton,256046,Hamilton
Hamilton,2560,1–3 beds,"Durand Village Durand, Hamilton, ON, Canada",https://www.zumper.com/apartment-buildings/p230697/durand-village-durand-hamilton-on,43.250457,-79.879187,2.0,Hamilton,Hamilton,256046,Hamilton
Hamilton,1690,1–2 beds,"Oakland Square One Corktown, Hamilton, ON, Canada",https://www.zumper.com/apartment-buildings/p215788/oakland-square-one-corktown-hamilton-on,43.25,-79.866667,1.5,Hamilton,Hamilton,256046,Hamilton
Hamilton,3175,1–3 beds,"The King William Beasley, Hamilton, ON, Canada",https://www.zumper.com/apartment-buildings/p1062702/the-king-william-beasley-hamilton-on,43.256030484688,-79.863754012559,2.0,Hamilton,Hamilton,256046,Hamilton
Hamilton,2527,1–3 beds,"Regency On Main Central Hamilton, Hamilton, ON, Canada",https://www.zumper.com/apartment-buildings/p230618/regency-on-main-central-hamilton-hamilton-on,43.25654694103,-79.8745361282,2.0,Hamilton,Hamilton,256046,Hamilton
Hamilton,1709,1–2 beds,"125 Wellington St North Beasley, Hamilton, ON, Canada",https://www.zumper.com/apartment-buildings/p294020/125-wellington-st-north-beasley-hamilton-on,43.25687001611,-79.858226021686,1.5,Hamilton,Hamilton,256046,Hamilton
Hamilton,1570,1–2 beds,"205 Hunter Street West Durand, Hamilton, ON, Canada",https://www.zumper.com/apartment-buildings/p803080/205-hunter-street-west-durand-hamilton-on,43.255632511925,-79.879699870888,1.5,Hamilton,Hamilton,256046,Hamilton
Hamilton,1807,1–2 beds,"23 Spring Street Corktown, Hamilton, ON, Canada",https://www.zumper.com/apartment-buildings/p214717/23-spring-street-corktown-hamilton-on,43.252464194434,-79.860772276232,1.5,Hamilton,Hamilton,256046,Hamilton
Hamilton,1450,1–2 beds,"Rebecca Towers Beasley, Hamilton, ON, Canada",https://www.zumper.com/apartment-buildings/p217566/rebecca-towers-beasley-hamilton-on,43.256870542428,-79.863423564425,1.5,Hamilton,Hamilton,256046,Hamilton
Hamilton,1250,1 bed,"47 Bold Street Durand, Hamilton, ON, Canada",https://www.zumper.com/apartment-buildings/p230626/47-bold-street-durand-hamilton-on,43.252874404775,-79.873179672227,1.0,Hamilton,Hamilton,256046,Hamilton
Hamilton,1372,1–2 beds,"William Thomas Beasley, Hamilton, ON, Canada",https://www.zumper.com/apartment-buildings/p456814/william-thomas-beasley-hamilton-on,43.259695942,-79.862191541,1.5,Hamilton,Hamilton,256046,Hamilton
Hamilton,1690,1–2 beds,"Oakland Square Two Corktown, Hamilton, ON, Canada",https://www.zumper.com/apartment-buildings/p302816/oakland-square-two-corktown-hamilton-on,43.25,-79.866667,1.5,Hamilton,Hamilton,256046,Hamilton
Hamilton,1912,1–2 beds,"4 8 Grant University Gardens, Hamilton, ON, Canada",https://www.zumper.com/apartment-buildings/p217374/4-8-grant-university-gardens-hamilton-on,43.259575107721,-79.940941408249,1.5,Hamilton,Hamilton,256046,Hamilton
Hamilton,2095,3 beds,"59 Vickers Rd Lower Hill Park, Hamilton, ON, Canada",https://www.zumper.com/apartment-buildings/p476783/59-vickers-rd-lower-hill-park-hamilton-on,43.229016281305,-79.860517466376,3.0,Hamilton,Hamilton,256046,Hamilton
Hamilton,2195,3 beds,"1025 Upper Gage Avenue Berrisfield, Hamilton, ON, Canada",https://www.zumper.com/apartment-buildings/p605795/1025-upper-gage-avenue-berrisfield-hamilton-on,43.213077296136,-79.844796201142,3.0,Hamilton,Hamilton,256046,Hamilton
Hamilton,2095,1–3 beds,"Camelot Towers Westdale South, Hamilton, ON, Canada",https://www.zumper.com/apartment-buildings/p216954/camelot-towers-westdale-south-hamilton-on,43.259505,-79.905017,2.0,Hamilton,Hamilton,256046,Hamilton
Hamilton,1787,1–2 beds,"775 Concession Raleigh, Hamilton, ON, Canada",https://www.zumper.com/apartment-buildings/p212154/775-concession-raleigh-hamilton-on,43.238857892919,-79.842754537166,1.5,Hamilton,Hamilton,256046,Hamilton
Hamilton,2500,3 beds,"281 Wentworth St North Landsdale, Hamilton, ON, Canada",https://www.zumper.com/apartment-buildings/p1490153/281-wentworth-st-north-landsdale-hamilton-on,43.260454495093,-79.845637241307,3.0,Hamilton,Hamilton,256046,Hamilton
Hamilton,1775,1 bed,"11 Robert St Beasley, Hamilton, ON, Canada",https://www.zumper.com/apartment-buildings/p1379242/11-robert-st-beasley-hamilton-on,43.262441802426,-79.865886578274,1.0,Hamilton,Hamilton,256046,Hamilton
Hamilton,1495,1 bed,"18 Mall Road Unit 607 Thorner, Hamilton, ON, Canada",https://www.zumper.com/apartment-buildings/p1061747/18-mall-road-unit-607-thorner-hamilton-on,43.222684004913,-79.86109104001,1.0,Hamilton,Hamilton,256046,Hamilton
Hamilton,1250,Studio,"The George Street Suites Central Hamilton, Hamilton, ON, Canada",https://www.zumper.com/apartment-buildings/p1263915/the-george-street-suites-central-hamilton-hamilton-on,43.257806006922,-79.876618147977,0.5,Hamilton,Hamilton,256046,Hamilton
Hamilton,1595,1 bed,"3 527 Barton St Etario L8L 2Y9 Gibson, Hamilton, ON, Canada",https://www.zumper.com/apartment-buildings/p1191902/3-527-barton-st-e-hamilton-ontario-l8l-2y9-gibson-hamilton-on,43.258558592414,-79.842903064491,1.0,Hamilton,Hamilton,256046,Hamilton
Hamilton,1695,1 bed,"922 1 Jarvis Streettario L8R 3J2 Beasley, Hamilton, ON, Canada",https://www.zumper.com/apartment-buildings/p1100127/922-1-jarvis-street-hamilton-ontario-l8r-3j2-beasley-hamilton-on,43.254570189516,-79.860576223517,1.0,Hamilton,Hamilton,256046,Hamilton
Hamilton,1395,1 bed,"174 East Avenue North Landsdale, Hamilton, ON, Canada",https://www.zumper.com/apartment-buildings/p1439879/174-east-avenue-north-landsdale-hamilton-on,43.258025293824,-79.852808630025,1.0,Hamilton,Hamilton,256046,Hamilton
Hamilton,2625,2 beds,"Marquee Residence Central Hamilton, Hamilton, ON, Canada",https://www.zumper.com/apartment-buildings/p455166/marquee-residence-central-hamilton-hamilton-on,43.261887,-79.872176,2.0,Hamilton,Hamilton,256046,Hamilton
Hamilton,2005,1–2 beds,"10 Ben Lomond Raleigh, Hamilton, ON, Canada",https://www.zumper.com/apartment-buildings/p327459/10-ben-lomond-raleigh-hamilton-on,43.239212279785,-79.839793713689,1.5,Hamilton,Hamilton,256046,Hamilton
Hamilton,2500,3 beds,"1024 Cannon St East Crown Point West, Hamilton, ON, Canada",https://www.zumper.com/apartment-buildings/p1527611/1024-cannon-st-east-crown-point-west-hamilton-on,43.249391807825,-79.826287366369,3.0,Hamilton,Hamilton,256046,Hamilton
Hamilton,2275,1–3 beds,"Walnut Place Corktown, Hamilton, ON, Canada",https://www.zumper.com/apartment-buildings/p1236977/walnut-place-corktown-hamilton-on,43.249804537443,-79.865403285426,2.0,Hamilton,Hamilton,256046,Hamilton
Hamilton,2095,2 beds,"139 Harmony Ave Homeside, Hamilton, ON, Canada",https://www.zumper.com/apartment-buildings/p1482647/139-harmony-ave-homeside-hamilton-on,43.25029340724,-79.803967280222,2.0,Hamilton,Hamilton,256046,Hamilton
Hamilton,1495,1 bed,"303 262 James Street South Durand, Hamilton, ON, Canada",https://www.zumper.com/apartment-buildings/p490593/303-262-james-street-south-durand-hamilton-on,43.248338998877,-79.87287297839,1.0,Hamilton,Hamilton,256046,Hamilton
Hamilton,1995,3 beds,"71 Barnesdale Blvd Unit 2 Stipley, Hamilton, ON, Canada",https://www.zumper.com/apartment-buildings/p1382076/71-barnesdale-blvd-unit-2-stipley-hamilton-on,43.248219011933,-79.836184633819,3.0,Hamilton,Hamilton,256046,Hamilton
Hamilton,2300,2 beds,"2008 15 Queen Street Southtario L8P 0C6 Central Hamilton, Hamilton, ON, Canada",https://www.zumper.com/apartment-buildings/p702019/2008-15-queen-street-south-hamilton-ontario-l8p-0c6-central-hamilton-hamilton-on,43.259027601806,-79.878606703076,2.0,Hamilton,Hamilton,256046,Hamilton
Hamilton,2249,3 beds,"3 29 Melrose Ave Stario L8M 2Y4 Stipley, Hamilton, ON, Canada",https://www.zumper.com/apartment-buildings/p1507485/3-29-melrose-ave-s-hamilton-ontario-l8m-2y4-stipley-hamilton-on,43.249441009597,-79.832770014104,3.0,Hamilton,Hamilton,256046,Hamilton
Hamilton,1847,2 beds,"9 Riverdale Drive Riverdale West, Hamilton, ON, Canada",https://www.zumper.com/apartment-buildings/p623400/9-riverdale-drive-riverdale-west-hamilton-on,43.227646594507,-79.760416671522,2.0,Hamilton,Hamilton,256046,Hamilton
Hamilton,1765,2 beds,"Robinson Place Durand, Hamilton, ON, Canada",https://www.zumper.com/apartment-buildings/p219288/robinson-place-durand-hamilton-on,43.251910183001,-79.876472653736,2.0,Hamilton,Hamilton,256046,Hamilton
Hamilton,2195,2 beds,"212 Rosslyn Ave North Crown Point West, Hamilton, ON, Canada",https://www.zumper.com/apartment-buildings/p1526822/212-rosslyn-ave-north-crown-point-west-hamilton-on,43.249723982648,-79.819918796336,2.0,Hamilton,Hamilton,256046,Hamilton
London,1757,Studio–2 beds,"Gordon Avenue Highland, London, ON, Canada",https://www.zumper.com/apartment-buildings/p218887/gordon-avenue-highland-london-on,42.951443383655,-81.263001618822,1.0,London,London,135412,London
London,2074,1–3 beds,"939 Western West London, London, ON, Canada",https://www.zumper.com/apartment-buildings/p212155/939-western-west-london-london-on,42.995426679494,-81.269444730724,2.0,London,London,135412,London
London,1862,1–2 beds,"Wonderland Road Westmount, London, ON, Canada",https://www.zumper.com/apartment-buildings/p212157/wonderland-road-westmount-london-on,42.942483895761,-81.283681420414,1.5,London,London,135412,London
London,2175,2 beds,"The Dorchester North London, London, ON, Canada",https://www.zumper.com/apartment-buildings/p214738/the-dorchester-north-london-london-on,43.004763,-81.253894,2.0,London,London,135412,London
London,1965,Studio–2 beds,"Hyde Park Place 1525 Dyer Drive Oakridge, London, ON, Canada",https://www.zumper.com/apartment-buildings/p700302/hyde-park-place-1525-dyer-drive-oakridge-london-on,42.977964632137,-81.295207338972,1.0,London,London,135412,London
London,2980,1–3 beds,"Centro Downtown London, London, ON, Canada",https://www.zumper.com/apartment-buildings/p1156302/centro-downtown-london-london-on,42.960288276103,-81.26724041013,2.0,London,London,135412,London
London,1685,Studio–2 beds,"Royal Oak Terrace 1126 Adelaide St N Carling, London, ON, Canada",https://www.zumper.com/apartment-buildings/p219281/royal-oak-terrace-1126-adelaide-st-n-carling-london-on,43.013545504312,-81.242290717197,1.0,London,London,135412,London
London,1767,1–2 beds,"Forest Hill 575 Proudfoot Lane West London, London, ON, Canada",https://www.zumper.com/apartment-buildings/p230649/forest-hill-575-proudfoot-lane-west-london-london-on,42.982499186407,-81.285173372033,1.5,London,London,135412,London
London,1739,1–2 beds,"Empress Gate West London, London, ON, Canada",https://www.zumper.com/apartment-buildings/p214748/empress-gate-west-london-london-on,42.990333094821,-81.261287287859,1.5,London,London,135412,London
London,1686,1–2 beds,"396 Queens Avenue Downtown London, London, ON, Canada",https://www.zumper.com/apartment-buildings/p214749/396-queens-avenue-downtown-london-london-on,42.988181781484,-81.241123034265,1.5,London,London,135412,London
London,2007,1–3 beds,"675 Richmond Street Downtown London, London, ON, Canada",https://www.zumper.com/apartment-buildings/p436118/675-richmond-street-downtown-london-london-on,42.992752181828,-81.252711434501,2.0,London,London,135412,London
London,1523,1–2 beds,"Sunset Manor Downtown London, London, ON, Canada",https://www.zumper.com/apartment-buildings/p214712/sunset-manor-downtown-london-london-on,43.006605568011,-81.265234172113,1.5,London,London,135412,London
London,1887,1–2 beds,"340 Colborne Street Downtown London, London, ON, Canada",https://www.zumper.com/apartment-buildings/p448019/340-colborne-street-downtown-london-london-on,42.984591896173,-81.238100687618,1.5,London,London,135412,London
London,1647,Studio–2 beds,"Peter Mcgregor Tower Downtown London, London, ON, Canada",https://www.zumper.com/apartment-buildings/p219280/peter-mcgregor-tower-downtown-london-london-on,42.957953516374,-81.262439471326,1.0,London,London,135412,London
London,1600,1–3 beds,"Revo East London, London, ON, Canada",https://www.zumper.com/apartment-buildings/p216826/revo-east-london-london-on,42.992966,-81.204948,2.0,London,London,135412,London
London,1348,Studio–1 bed,"Colony One Downtown London, London, ON, Canada",https://www.zumper.com/apartment-buildings/p214742/colony-one-downtown-london-london-on,42.98339,-81.251632,0.5,London,London,135412,London
London,2445,1–3 beds,"Muse 3395 Bostwick, London, ON, Canada",https://www.zumper.com/apartment-buildings/p1292516/muse-3395-bostwick-london-on,42.932204702,-81.278498112,2.0,London,London,135412,London
London,2050,Studio–3 beds,"Sohosq Soho, London, ON, Canada",https://www.zumper.com/apartment-buildings/p1222554/sohosq-soho-london-on,42.988148,-81.246092,1.5,London,London,135412,London
London,1697,1–2 beds,"940 Commissioners Road East Glen Cairn, London, ON, Canada",https://www.zumper.com/apartment-buildings/p1218211/940-commissioners-road-east-glen-cairn-london-on,42.960319916234,-81.212797901227,1.5,London,London,135412,London
London,1699,1–2 beds,"Kingswell Towers Downtown London, London, ON, Canada",https://www.zumper.com/apartment-buildings/p217916/kingswell-towers-downtown-london-london-on,42.988148,-81.246092,1.5,London,London,135412,London
London,2295,1–2 beds,"Sunningdale Heights Uplands, London, ON, Canada",https://www.zumper.com/apartment-buildings/p1275545/sunningdale-heights-uplands-london-on,43.038380496687,-81.2887194619,1.5,London,London,135412,London
London,1837,1–3 beds,"875 Wonderland Road South Westmount, London, ON, Canada",https://www.zumper.com/apartment-buildings/p1214059/875-wonderland-road-south-westmount-london-on,42.944974411719,-81.28928209715,2.0,London,London,135412,London
London,1637,1–2 beds,"485 Castlegrove Blvd Medway, London, ON, Canada",https://www.zumper.com/apartment-buildings/p214685/485-castlegrove-blvd-medway-london-on,42.995264992581,-81.297246078633,1.5,London,London,135412,London
London,1470,Studio–2 beds,"650 Waterloo Street Downtown London, London, ON, Canada",https://www.zumper.com/apartment-buildings/p214697/650-waterloo-street-downtown-london-london-on,42.993452112653,-81.246012617483,1.0,London,London,135412,London
London,1575,Studio–2 beds,"105 Cherryhill Blvd 160 Cherryhill Place 200 201 Westfield Drive West London, London, ON, Canada",https://www.zumper.com/apartment-buildings/p213559/105-cherryhill-blvd-160-cherryhill-place-200-201-westfield-drive-west-london-london-on,42.992157108612,-81.275075190363,1.0,London,London,135412,London
London,2149,1–3 beds,"115 190 Cherryhill Blvd 140 Cherryhill Place And 180 Cherryhill Circle West London, London, ON, Canada",https://www.zumper.com/apartment-buildings/p944069/115-190-cherryhill-blvd-140-cherryhill-place-and-180-cherryhill-circle-west-london-london-on,42.99139900738,-81.276957011445,2.0,London,London,135412,London
London,1510,Studio–2 beds,"120 Cherryhill Place 110 170 Cherryhill Circle And 230 Platts Lane West London, London, ON, Canada",https://www.zumper.com/apartment-buildings/p692252/120-cherryhill-place-110-170-cherryhill-circle-and-230-platts-lane-west-london-london-on,42.991615595758,-81.275729230268,1.0,London,London,135412,London
London,2280,1–3 beds,"Pomeroy Place 885 Southdale, London, ON, Canada",https://www.zumper.com/apartment-buildings/p700305/pomeroy-place-885-southdale-london-on,42.94356,-81.225794,2.0,London,London,135412,London
London,1852,1–2 beds,"405 Sugarcreek Trail West London, London, ON, Canada",https://www.zumper.com/apartment-buildings/p230654/405-sugarcreek-trail-west-london-london-on,42.981250282834,-81.281566387639,1.5,London,London,135412,London
London,1635,1–2 beds,"640 650 660 Fanshawe Park Road East Bristol London Newmarket On, London, ON, Canada",https://www.zumper.com/apartment-buildings/p1480816/640-650-660-fanshawe-park-road-east-bristol-london-newmarket-on,43.036934115475,-81.252215728747,1.5,London,London,135412,London
London,2205,1–2 beds,"Mosaik 325 Sugarcreek Trail West London, London, ON, Canada",https://www.zumper.com/apartment-buildings/p700314/mosaik-325-sugarcreek-trail-west-london-london-on,42.981409497085,-81.279306878,1.5,London,London,135412,London
London,1505,Studio–1 bed,"760 Wonderland Road South Westmount, London, ON, Canada",https://www.zumper.com/apartment-buildings/p421524/760-wonderland-road-south-westmount-london-on,42.949993201974,-81.288898038347,0.5,London,London,135412,London
London,2112,1–2 beds,"The Harriston Downtown London, London, ON, Canada",https://www.zumper.com/apartment-buildings/p401870/the-harriston-downtown-london-london-on,43.007048919238,-81.245496411579,1.5,London,London,135412,London
London,2009,2 beds,"The Gartshore Highland, London, ON, Canada",https://www.zumper.com/apartment-buildings/p455589/the-gartshore-highland-london-on,42.952922497,-81.252098814,2.0,London,London,135412,London
London,1500,1–2 beds,"Trillium Towers I Ii West London, London, ON, Canada",https://www.zumper.com/apartment-buildings/p449922/trillium-towers-i-ii-west-london-london-on,43.024487677687,-81.223102785154,1.5,London,London,135412,London
London,1815,1–2 beds,"744 Proudfoot Lane West London, London, ON, Canada",https://www.zumper.com/apartment-buildings/p230661/744-proudfoot-lane-west-london-london-on,42.989627282596,-81.288607940678,1.5,London,London,135412,London
London,1835,1–2 beds,"565 Proudfoot Lane West London, London, ON, Canada",https://www.zumper.com/apartment-buildings/p230658/565-proudfoot-lane-west-london-london-on,42.98252579895,-81.283604615034,1.5,London,London,135412,London
London,4142,1–2 beds,"The Saint James North London, London, ON, Canada",https://www.zumper.com/apartment-buildings/p1123835/the-saint-james-north-london-london-on,43.000906121523,-81.242307140564,1.5,London,London,135412,London
London,1512,1–2 beds,"59 Ridout St South London, London, ON, Canada",https://www.zumper.com/apartment-buildings/p230732/59-ridout-st-south-london-london-on,42.974047000974,-81.250361400307,1.5,London,London,135412,London
London,2037,Studio–3 beds,"Rentrevo East London, London, ON, Canada",https://www.zumper.com/apartment-buildings/p395628/rentrevo-east-london-london-on,42.992966,-81.204948,1.5,London,London,135412,London
Kitchener,2000,Studio–2 beds,"Evoke Grand River South, Kitchener, ON, Canada",https://www.zumper.com/apartment-buildings/p1310744/evoke-grand-river-south-kitchener-on,43.4498703,-80.41132298,1.0,Kitchener,Kitchener,188268,Kitchener
Kitchener,2110,1–2 beds,"301 Westmount Road W Victoria Hills, Kitchener, ON, Canada",https://www.zumper.com/apartment-buildings/p1140249/301-westmount-road-w-victoria-hills-kitchener-on,43.438397102728,-80.520646739994,1.5,Kitchener,Kitchener,188268,Kitchener
Kitchener,1942,1–2 beds,"The Winston Auditorium, Kitchener, ON, Canada",https://www.zumper.com/apartment-buildings/p1403158/the-winston-auditorium-kitchener-on,43.449926,-80.470981,1.5,Kitchener,Kitchener,188268,Kitchener
Kitchener,2007,Studio–2 beds,"Giorgio Cherry Hill, Kitchener, ON, Canada",https://www.zumper.com/apartment-buildings/p1396994/giorgio-cherry-hill-kitchener-on,43.447666985,-80.50868138,1.0,Kitchener,Kitchener,188268,Kitchener
Kitchener,1985,1–2 beds,"221 Queen Street South Cedar Hill, Kitchener, ON, Canada",https://www.zumper.com/apartment-buildings/p219605/221-queen-street-south-cedar-hill-kitchener-on,43.44716101114,-80.491432203209,1.5,Kitchener,Kitchener,188268,Kitchener
Kitchener,1947,1–2 beds,"The Carmine Bridgeport, Kitchener, ON, Canada",https://www.zumper.com/apartment-buildings/p812080/the-carmine-bridgeport-kitchener-on,43.481017,-80.469108,1.5,Kitchener,Kitchener,188268,Kitchener
Kitchener,2110,1 bed,"Lexington Grand Grand River South, Kitchener, ON, Canada",https://www.zumper.com/apartment-buildings/p294025/lexington-grand-grand-river-south-kitchener-on,43.4498703,-80.41132298,1.0,Kitchener,Kitchener,188268,Kitchener
Kitchener,1888,1–2 beds,"Adanac Crossing Pioneer Park, Kitchener, ON, Canada",https://www.zumper.com/apartment-buildings/p213703/adanac-crossing-pioneer-park-kitchener-on,43.393219617,-80.4458011,1.5,Kitchener,Kitchener,188268,Kitchener
Kitchener,1552,1 bed,"The Walter Kw Hospital, Kitchener, ON, Canada",https://www.zumper.com/apartment-buildings/p332155/the-walter-kw-hospital-kitchener-on,43.454340917103,-80.506580481955,1.0,Kitchener,Kitchener,188268,Kitchener
Kitchener,2700,Studio–3 beds,"Park Place Kw Hospital, Kitchener, ON, Canada",https://www.zumper.com/apartment-buildings/p230629/park-place-kw-hospital-kitchener-on,43.454089183315,-80.510159377066,1.5,Kitchener,Kitchener,188268,Kitchener
Kitchener,1925,2 beds,"Bloomingdale Mews 2 Alpine, Kitchener, ON, Canada",https://www.zumper.com/apartment-buildings/p790097/bloomingdale-mews-2-alpine-kitchener-on,43.480673997421,-80.478757005408,2.0,Kitchener,Kitchener,188268,Kitchener
Kitchener,1599,1–2 beds,"Huntington Place Victoria Hills, Kitchener, ON, Canada",https://www.zumper.com/apartment-buildings/p401883/huntington-place-victoria-hills-kitchener-on,43.443841828815,-80.534270493861,1.5,Kitchener,Kitchener,188268,Kitchener
Kitchener,1895,1–2 beds,"Green Valley Pioneer Park, Kitchener, ON, Canada",https://www.zumper.com/apartment-buildings/p1062703/green-valley-pioneer-park-kitchener-on,43.396644451473,-80.430637777976,1.5,Kitchener,Kitchener,188268,Kitchener
Kitchener,1510,Studio,"Nuud Victoria Hills, Kitchener, ON, Canada",https://www.zumper.com/apartment-buildings/p557775/nuud-victoria-hills-kitchener-on,43.440257391,-80.521446168,0.5,Kitchener,Kitchener,188268,Kitchener
Kitchener,1684,1–2 beds,"Gresham Place Vanier, Kitchener, ON, Canada",https://www.zumper.com/apartment-buildings/p645490/gresham-place-vanier-kitchener-on,43.426658925,-80.45307699,1.5,Kitchener,Kitchener,188268,Kitchener
Kitchener,1695,1 bed,"The Row Mount Hope Huron Park, Kitchener, ON, Canada",https://www.zumper.com/apartment-buildings/p1190515/the-row-mount-hope-huron-park-kitchener-on,43.459676897,-80.493856898,1.0,Kitchener,Kitchener,188268,Kitchener
Kitchener,2339,1–2 beds,"The Bow Cedar Hill, Kitchener, ON, Canada",https://www.zumper.com/apartment-buildings/p832601/the-bow-cedar-hill-kitchener-on,43.44497685,-80.48553331,1.5,Kitchener,Kitchener,188268,Kitchener
Kitchener,2675,4 beds,"Lancaster Bridgeport, Kitchener, ON, Canada",https://www.zumper.com/apartment-buildings/p1484126/lancaster-bridgeport-kitchener-on,43.478415503838,-80.484446514457,4.0,Kitchener,Kitchener,188268,Kitchener
Kitchener,1745,1 bed,"516 1100 Lackner Blvdtario N2A 4A8 Grand River South, Kitchener, ON, Canada",https://www.zumper.com/apartment-buildings/p1481649/516-1100-lackner-blvd-kitchener-ontario-n2a-4a8-grand-river-south-kitchener-on,43.449168183584,-80.421249102997,1.0,Kitchener,Kitchener,188268,Kitchener
Kitchener,1849,1–2 beds,"The Regency City Commercial Core, Kitchener, ON, Canada",https://www.zumper.com/apartment-buildings/p213038/the-regency-city-commercial-core-kitchener-on,43.451138004,-80.492001231,1.5,Kitchener,Kitchener,188268,Kitchener
Kitchener,1535,Studio–1 bed,"Victoria Victoria Hills, Kitchener, ON, Canada",https://www.zumper.com/apartment-buildings/p1215878/victoria-victoria-hills-kitchener-on,43.437990999519,-80.525010987429,0.5,Kitchener,Kitchener,188268,Kitchener
Kitchener,1600,1 bed,"61 65 Roy St Civic Centre, Kitchener, ON, Canada",https://www.zumper.com/apartment-buildings/p353172/61-65-roy-st-civic-centre-kitchener-on,43.453560594215,-80.489523727675,1.0,Kitchener,Kitchener,188268,Kitchener
Kitchener,1799,1–2 beds,"3063 Kingsway Drive Vanier, Kitchener, ON, Canada",https://www.zumper.com/apartment-buildings/p213201/3063-kingsway-drive-vanier-kitchener-on,43.423895781591,-80.442658076269,1.5,Kitchener,Kitchener,188268,Kitchener
Kitchener,1610,1–2 beds,"Lancaster Northward, Kitchener, ON, Canada",https://www.zumper.com/apartment-buildings/p1215930/lancaster-northward-kitchener-on,43.473824494739,-80.484421998488,1.5,Kitchener,Kitchener,188268,Kitchener
Kitchener,1949,2 beds,"235 Morgan Avenue Centreville Chicopee, Kitchener, ON, Canada",https://www.zumper.com/apartment-buildings/p218293/235-morgan-avenue-centreville-chicopee-kitchener-on,43.427383910598,-80.426540263196,2.0,Kitchener,Kitchener,188268,Kitchener
Kitchener,1850,2 beds,"1 261 Dixon Sttario N2G 3G1 Rockway, Kitchener, ON, Canada",https://www.zumper.com/apartment-buildings/p1508847/1-261-dixon-st-kitchener-ontario-n2g-3g1-rockway-kitchener-on,43.4315987087,-80.463692629926,2.0,Kitchener,Kitchener,188268,Kitchener
Kitchener,2095,3 beds,"265 Lawrence Avenue Townhomes Victoria Hills, Kitchener, ON, Canada",https://www.zumper.com/apartment-buildings/p230733/265-lawrence-avenue-townhomes-victoria-hills-kitchener-on,43.439743990749,-80.513203861431,3.0,Kitchener,Kitchener,188268,Kitchener
Kitchener,1995,1–2 beds,"Nuvo At Avalon Highland West, Kitchener, ON, Canada",https://www.zumper.com/apartment-buildings/p1204837/nuvo-at-avalon-highland-west-kitchener-on,43.432037151,-80.549524513,1.5,Kitchener,Kitchener,188268,Kitchener
Kitchener,1700,2 beds,"Summit Glen 67 Valleyview Laurentian Hills, Kitchener, ON, Canada",https://www.zumper.com/apartment-buildings/p219372/summit-glen-67-valleyview-laurentian-hills-kitchener-on,43.419326806171,-80.512096192926,2.0,Kitchener,Kitchener,188268,Kitchener
Kitchener,1185,Studio,"48 Weber St West Civic Centre, Kitchener, ON, Canada",https://www.zumper.com/apartment-buildings/p324154/48-weber-st-west-civic-centre-kitchener-on,43.45309611105,-80.489748614137,0.5,Kitchener,Kitchener,188268,Kitchener
Kitchener,1799,1 bed,"3709 60 Frederick Streettario N2H 0C7 City Commercial Core, Kitchener, ON, Canada",https://www.zumper.com/apartment-buildings/p812540/3709-60-frederick-street-kitchener-ontario-n2h-0c7-city-commercial-core-kitchener-on,43.450557190669,-80.487056598294,1.0,Kitchener,Kitchener,188268,Kitchener
Kitchener,2800,4 beds,"Kehl Street Southdale, Kitchener, ON, Canada",https://www.zumper.com/apartment-buildings/p1492322/kehl-street-southdale-kitchener-on,43.430951160759,-80.484642878212,4.0,Kitchener,Kitchener,188268,Kitchener
Kitchener,1870,1 bed,"Blvd At Avalon Highland West, Kitchener, ON, Canada",https://www.zumper.com/apartment-buildings/p955744/blvd-at-avalon-highland-west-kitchener-on,43.432037151,-80.549524513,1.0,Kitchener,Kitchener,188268,Kitchener
Kitchener,1599,1 bed,"Stirling Place Southdale, Kitchener, ON, Canada",https://www.zumper.com/apartment-buildings/p401884/stirling-place-southdale-kitchener-on,43.43591096371,-80.492226038558,1.0,Kitchener,Kitchener,188268,Kitchener
Kitchener,2795,4 beds,"2 202 Eaglecrest Sttario N2K 4H9 Bridgeport, Kitchener, ON, Canada",https://www.zumper.com/apartment-buildings/p1461172/2-202-eaglecrest-st-kitchener-ontario-n2k-4h9-bridgeport-kitchener-on,43.498489690711,-80.475276084838,4.0,Kitchener,Kitchener,188268,Kitchener
Kitchener,1824,1–2 beds,"Queen Margaret Ii Civic Centre, Kitchener, ON, Canada",https://www.zumper.com/apartment-buildings/p219229/queen-margaret-ii-civic-centre-kitchener-on,43.45531889794,-80.487381491391,1.5,Kitchener,Kitchener,188268,Kitchener
Kitchener,1809,Studio–3 beds,"294 Chandler Dr Laurentian Hills, Kitchener, ON, Canada",https://www.zumper.com/apartment-buildings/p213701/294-chandler-dr-laurentian-hills-kitchener-on,43.421029212615,-80.50131991529,1.5,Kitchener,Kitchener,188268,Kitchener
Kitchener,1690,1–2 beds,"611 Heritage Heritage Park, Kitchener, ON, Canada",https://www.zumper.com/apartment-buildings/p213700/611-heritage-heritage-park-kitchener-on,43.454584192231,-80.435106987336,1.5,Kitchener,Kitchener,188268,Kitchener
Kitchener,1700,1–2 beds,"Highpoint Kitchener Cedarwoods Vanier, Kitchener, ON, Canada",https://www.zumper.com/apartment-buildings/p230677/highpoint-kitchener-cedarwoods-vanier-kitchener-on,43.426658925,-80.45307699,1.5,Kitchener,Kitchener,188268,Kitchener
Kitchener,1854,Studio–2 beds,"195 207 Fifth Avenue 196 210 Sixth Avenue Vanier, Kitchener, ON, Canada",https://www.zumper.com/apartment-buildings/p646492/195-207-fifth-avenue-196-210-sixth-avenue-vanier-kitchener-on,43.428802380072,-80.45342789984,1.0,Kitchener,Kitchener,188268,Kitchener
Kitchener,1959,1–2 beds,"111 187 Brybeck Crescent Victoria Hills, Kitchener, ON, Canada",https://www.zumper.com/apartment-buildings/p540530/111-187-brybeck-crescent-victoria-hills-kitchener-on,43.443222480567,-80.521790366863,1.5,Kitchener,Kitchener,188268,Kitchener
